,duration,protocol_type,count,srv_count,serror_rate,srv_serror_rate,rerror_rate,srv_rerror_rate,same_srv_rate,diff_srv_rate,srv_diff_host_rate,class ,,,,
,zero,tcp,one+,one+,zero,zero,zero,zero,oneHundred,zero,zero,normal,,,,
0,zero,tcp,one+,one+,zero,zero,zero,zero,oneHundred,zero,zero,normal,,,,
1,zero,tcp,one+,one+,zero,zero,zero,zero,oneHundred,zero,zero,normal,,,,
2,zero,tcp,one+,one+,zero,zero,zero,zero,oneHundred,zero,zero,normal,,,,
3,zero,tcp,one+,one+,zero,zero,zero,zero,oneHundred,zero,zero,normal,,,,
4,zero,tcp,one+,one+,zero,zero,zero,zero,oneHundred,zero,zero,normal,,,,
5,zero,tcp,one+,one+,zero,zero,zero,zero,oneHundred,zero,oneHundred,normal,,,,
6,zero,tcp,one+,one+,zero,zero,zero,zero,oneHundred,zero,zero,normal,,,,
7,zero,tcp,one+,one+,zero,zero,zero,zero,oneHundred,zero,zero,normal,,,,
8,zero,tcp,one+,one+,zero,zero,zero,zero,oneHundred,zero,zero,normal,,,,
9,zero,tcp,ten+,ten+,zero,zero,zero,zero,oneHundred,zero,zero,normal,,,,
10,zero,tcp,one+,one+,zero,zero,zero,zero,oneHundred,zero,zero,normal,,,,
11,zero,tcp,ten+,ten+,zero,zero,zero,zero,oneHundred,zero,zero,normal,,,,
12,zero,tcp,one+,one+,zero,zero,zero,zero,oneHundred,zero,zero,normal,,,,
13,zero,tcp,one+,one+,zero,zero,zero,zero,oneHundred,zero,zero,normal,,,,
14,zero,tcp,ten+,ten+,zero,zero,zero,zero,oneHundred,zero,zero,normal,,,,
15,zero,tcp,one+,one+,zero,zero,zero,zero,oneHundred,zero,zero,normal,,,,
16,zero,tcp,ten+,ten+,zero,zero,zero,zero,oneHundred,zero,zero,normal,,,,
17,zero,tcp,one+,one+,zero,zero,zero,zero,oneHundred,zero,25-49,normal,,,,
18,zero,tcp,one+,one+,zero,zero,zero,zero,oneHundred,zero,zero,normal,,,,
19,zero,tcp,ten+,ten+,zero,zero,zero,zero,oneHundred,zero,zero,normal,,,,
20,zero,tcp,one+,one+,zero,zero,zero,zero,oneHundred,zero,zero,normal,,,,
21,zero,tcp,ten+,ten+,zero,zero,zero,zero,oneHundred,zero,zero,normal,,,,
22,zero,tcp,one+,one+,zero,zero,zero,zero,oneHundred,zero,zero,normal,,,,
23,zero,tcp,ten+,ten+,zero,zero,zero,zero,oneHundred,zero,zero,normal,,,,
24,zero,tcp,ten+,ten+,zero,zero,zero,zero,oneHundred,zero,zero,normal,,,,
25,zero,tcp,one+,one+,zero,zero,zero,zero,oneHundred,zero,zero,normal,,,,
26,zero,tcp,one+,one+,zero,zero,zero,zero,oneHundred,zero,zero,normal,,,,
27,zero,tcp,one+,one+,zero,zero,zero,zero,oneHundred,zero,zero,normal,,,,
28,zero,tcp,one+,ten+,zero,zero,zero,zero,oneHundred,zero,1to24,normal,,,,
29,zero,tcp,one+,one+,zero,zero,zero,zero,oneHundred,zero,zero,normal,,,,
30,zero,tcp,one+,one+,zero,zero,zero,zero,oneHundred,zero,zero,normal,,,,
31,zero,tcp,one+,ten+,zero,zero,zero,zero,oneHundred,zero,1to24,normal,,,,
32,zero,tcp,one+,ten+,zero,zero,zero,zero,oneHundred,zero,1to24,normal,,,,
33,zero,tcp,one+,one+,zero,zero,zero,zero,oneHundred,zero,zero,normal,,,,
34,zero,tcp,one+,one+,zero,zero,zero,zero,oneHundred,zero,zero,normal,,,,
35,zero,tcp,one+,one+,zero,zero,zero,zero,oneHundred,zero,zero,normal,,,,
36,zero,tcp,one+,one+,zero,zero,zero,zero,oneHundred,zero,zero,normal,,,,
37,zero,tcp,one+,one+,zero,zero,zero,zero,oneHundred,zero,zero,normal,,,,
38,zero,tcp,one+,one+,zero,zero,zero,zero,oneHundred,zero,zero,normal,,,,
39,zero,tcp,one+,one+,zero,zero,zero,zero,oneHundred,zero,zero,normal,,,,
40,zero,tcp,one+,one+,zero,zero,zero,zero,oneHundred,zero,zero,normal,,,,
41,zero,tcp,one+,ten+,zero,zero,zero,zero,oneHundred,zero,1to24,normal,,,,
42,zero,tcp,one+,ten+,zero,zero,zero,zero,oneHundred,zero,1to24,normal,,,,
43,zero,tcp,one+,one+,zero,zero,zero,zero,oneHundred,zero,zero,normal,,,,
44,zero,tcp,one+,one+,zero,zero,zero,zero,oneHundred,zero,zero,normal,,,,
45,zero,tcp,one+,one+,zero,zero,zero,zero,oneHundred,zero,zero,normal,,,,
46,zero,tcp,one+,one+,zero,zero,zero,zero,oneHundred,zero,zero,normal,,,,
47,zero,tcp,one+,one+,zero,zero,zero,zero,oneHundred,zero,zero,normal,,,,
48,zero,tcp,one+,one+,zero,zero,zero,zero,oneHundred,zero,zero,normal,,,,
49,zero,tcp,one+,one+,zero,zero,zero,zero,oneHundred,zero,25-49,normal,,,,
50,zero,tcp,one+,one+,zero,zero,zero,zero,oneHundred,zero,zero,normal,,,,
51,zero,tcp,ten+,ten+,zero,zero,zero,zero,oneHundred,zero,zero,normal,,,,
52,zero,tcp,ten+,ten+,zero,zero,zero,zero,oneHundred,zero,zero,normal,,,,
53,zero,tcp,ten+,ten+,zero,zero,zero,zero,oneHundred,zero,zero,normal,,,,
54,zero,tcp,one+,one+,zero,zero,zero,zero,oneHundred,zero,zero,normal,,,,
55,zero,tcp,one+,one+,zero,zero,zero,zero,oneHundred,zero,zero,normal,,,,
56,zero,tcp,one+,one+,zero,zero,zero,zero,oneHundred,zero,zero,normal,,,,
57,zero,tcp,one+,ten+,zero,zero,zero,zero,oneHundred,zero,1to24,normal,,,,
58,zero,tcp,ten+,ten+,zero,zero,zero,zero,oneHundred,zero,1to24,normal,,,,
59,zero,tcp,ten+,ten+,zero,zero,zero,zero,oneHundred,zero,zero,normal,,,,
60,zero,tcp,one+,one+,zero,zero,zero,zero,oneHundred,zero,zero,normal,,,,
61,zero,tcp,ten+,ten+,zero,zero,zero,zero,oneHundred,zero,1to24,normal,,,,
62,zero,tcp,one+,one+,zero,zero,zero,zero,oneHundred,zero,zero,normal,,,,
63,zero,tcp,ten+,ten+,zero,zero,zero,zero,oneHundred,zero,zero,normal,,,,
64,zero,tcp,one+,one+,zero,zero,zero,zero,oneHundred,zero,zero,normal,,,,
65,zero,tcp,ten+,ten+,zero,zero,zero,zero,oneHundred,zero,zero,normal,,,,
66,zero,tcp,one+,ten+,zero,zero,zero,zero,oneHundred,zero,1to24,normal,,,,
67,zero,tcp,ten+,ten+,zero,zero,zero,zero,oneHundred,zero,1to24,normal,,,,
68,zero,tcp,ten+,ten+,zero,zero,zero,zero,oneHundred,zero,1to24,normal,,,,
69,zero,tcp,one+,ten+,zero,zero,zero,zero,oneHundred,zero,zero,normal,,,,
70,zero,tcp,ten+,ten+,zero,zero,zero,zero,oneHundred,zero,zero,normal,,,,
71,zero,tcp,one+,one+,zero,zero,zero,zero,oneHundred,zero,zero,normal,,,,
72,zero,tcp,ten+,ten+,zero,zero,zero,zero,oneHundred,zero,1to24,normal,,,,
73,zero,tcp,ten+,ten+,zero,zero,zero,zero,oneHundred,zero,zero,normal,,,,
74,zero,tcp,one+,ten+,zero,zero,zero,zero,oneHundred,zero,1to24,normal,,,,
75,zero,tcp,ten+,ten+,zero,zero,zero,zero,oneHundred,zero,1to24,normal,,,,
76,zero,tcp,one+,ten+,zero,zero,zero,zero,oneHundred,zero,1to24,normal,,,,
77,zero,tcp,ten+,ten+,zero,zero,zero,zero,oneHundred,zero,1to24,normal,,,,
78,zero,tcp,one+,one+,zero,zero,zero,zero,oneHundred,zero,zero,normal,,,,
79,zero,tcp,ten+,ten+,zero,zero,zero,zero,oneHundred,zero,zero,normal,,,,
80,zero,tcp,one+,one+,zero,zero,zero,zero,oneHundred,zero,zero,normal,,,,
81,zero,tcp,one+,one+,zero,zero,zero,zero,oneHundred,zero,1to24,normal,,,,
82,zero,tcp,ten+,ten+,zero,zero,zero,zero,oneHundred,zero,1to24,normal,,,,
83,zero,tcp,one+,ten+,zero,zero,zero,zero,oneHundred,zero,1to24,normal,,,,
84,zero,tcp,one+,one+,zero,zero,zero,zero,oneHundred,zero,zero,normal,,,,
85,zero,tcp,one+,one+,zero,zero,zero,zero,oneHundred,zero,zero,normal,,,,
86,zero,tcp,ten+,ten+,zero,zero,zero,zero,oneHundred,zero,zero,normal,,,,
87,zero,tcp,one+,one+,zero,zero,zero,zero,oneHundred,zero,zero,normal,,,,
88,zero,tcp,ten+,ten+,zero,zero,zero,zero,oneHundred,zero,zero,normal,,,,
89,zero,tcp,one+,one+,zero,zero,zero,zero,oneHundred,zero,zero,normal,,,,
90,zero,tcp,one+,one+,zero,zero,zero,zero,oneHundred,zero,25-49,normal,,,,
91,zero,tcp,ten+,ten+,zero,zero,zero,zero,oneHundred,zero,1to24,normal,,,,
92,zero,tcp,ten+,ten+,zero,zero,zero,zero,oneHundred,zero,zero,normal,,,,
93,zero,tcp,one+,ten+,zero,zero,zero,zero,oneHundred,zero,1to24,normal,,,,
94,zero,tcp,ten+,ten+,zero,zero,zero,zero,oneHundred,zero,zero,normal,,,,
95,zero,tcp,ten+,ten+,zero,zero,zero,zero,oneHundred,zero,zero,normal,,,,
96,zero,tcp,one+,ten+,zero,zero,zero,zero,oneHundred,zero,zero,normal,,,,
97,zero,tcp,one+,one+,zero,zero,zero,zero,oneHundred,zero,zero,normal,,,,
98,zero,tcp,one+,one+,zero,zero,zero,zero,oneHundred,zero,zero,normal,,,,
99,zero,tcp,one+,ten+,zero,zero,zero,zero,oneHundred,zero,zero,normal,,,,
100,zero,tcp,one+,one+,zero,zero,zero,zero,oneHundred,zero,zero,normal,,,,
101,zero,tcp,one+,one+,zero,zero,zero,zero,oneHundred,zero,zero,normal,,,,
102,zero,tcp,one+,one+,zero,zero,zero,zero,oneHundred,zero,zero,normal,,,,
103,zero,tcp,one+,ten+,zero,zero,zero,zero,oneHundred,zero,zero,normal,,,,
104,zero,tcp,one+,one+,zero,zero,zero,zero,oneHundred,zero,zero,normal,,,,
105,zero,tcp,one+,one+,zero,zero,zero,zero,oneHundred,zero,zero,normal,,,,
106,zero,tcp,one+,one+,zero,zero,zero,zero,oneHundred,zero,zero,normal,,,,
107,zero,tcp,ten+,ten+,zero,zero,zero,zero,oneHundred,zero,zero,normal,,,,
108,zero,tcp,ten+,ten+,zero,zero,zero,zero,oneHundred,zero,zero,normal,,,,
109,zero,tcp,one+,one+,zero,zero,zero,zero,oneHundred,zero,zero,normal,,,,
110,zero,tcp,ten+,ten+,zero,zero,zero,zero,oneHundred,zero,zero,normal,,,,
111,zero,tcp,ten+,ten+,zero,zero,zero,zero,oneHundred,zero,zero,normal,,,,
112,zero,tcp,one+,one+,zero,zero,zero,zero,oneHundred,zero,zero,normal,,,,
113,zero,tcp,one+,one+,zero,zero,zero,zero,oneHundred,zero,zero,normal,,,,
114,zero,tcp,ten+,ten+,zero,zero,zero,zero,oneHundred,zero,1to24,normal,,,,
115,zero,tcp,one+,one+,zero,zero,zero,zero,oneHundred,zero,25-49,normal,,,,
116,zero,tcp,one+,one+,zero,zero,zero,zero,oneHundred,zero,zero,normal,,,,
117,zero,tcp,one+,one+,zero,zero,zero,zero,oneHundred,zero,zero,normal,,,,
118,zero,tcp,one+,one+,zero,zero,zero,zero,oneHundred,zero,zero,normal,,,,
119,zero,tcp,one+,one+,zero,zero,zero,zero,oneHundred,zero,zero,normal,,,,
120,zero,tcp,one+,ten+,zero,zero,zero,zero,oneHundred,zero,1to24,normal,,,,
121,zero,tcp,one+,one+,zero,zero,zero,zero,oneHundred,zero,zero,normal,,,,
122,zero,tcp,one+,one+,zero,zero,zero,zero,oneHundred,zero,zero,normal,,,,
123,zero,tcp,one+,one+,zero,zero,zero,zero,oneHundred,zero,zero,normal,,,,
124,zero,tcp,one+,one+,zero,zero,zero,zero,oneHundred,zero,zero,normal,,,,
125,zero,tcp,one+,one+,zero,zero,zero,zero,oneHundred,zero,zero,normal,,,,
126,zero,tcp,one+,one+,zero,zero,zero,zero,oneHundred,zero,zero,normal,,,,
127,zero,tcp,one+,one+,25-49,25-49,zero,zero,oneHundred,zero,zero,normal,,,,
128,zero,tcp,one+,one+,zero,zero,zero,zero,oneHundred,zero,zero,normal,,,,
129,zero,tcp,one+,one+,zero,zero,zero,zero,oneHundred,zero,zero,normal,,,,
130,zero,tcp,one+,one+,zero,zero,zero,zero,oneHundred,zero,zero,normal,,,,
131,zero,tcp,one+,one+,zero,zero,zero,zero,oneHundred,zero,zero,normal,,,,
132,zero,tcp,one+,one+,zero,zero,zero,zero,oneHundred,zero,zero,normal,,,,
133,zero,tcp,one+,one+,zero,zero,zero,zero,oneHundred,zero,zero,normal,,,,
134,zero,tcp,one+,one+,zero,zero,zero,zero,oneHundred,zero,zero,normal,,,,
135,zero,tcp,one+,one+,zero,zero,zero,zero,oneHundred,zero,zero,normal,,,,
136,zero,tcp,one+,one+,zero,zero,zero,zero,oneHundred,zero,zero,normal,,,,
137,zero,tcp,ten+,ten+,zero,zero,zero,zero,oneHundred,zero,zero,normal,,,,
138,zero,tcp,ten+,ten+,zero,zero,zero,zero,oneHundred,zero,zero,normal,,,,
139,zero,tcp,one+,one+,zero,zero,zero,zero,oneHundred,zero,zero,normal,,,,
140,zero,tcp,one+,one+,zero,zero,zero,zero,oneHundred,zero,zero,normal,,,,
141,zero,tcp,one+,one+,zero,zero,zero,zero,oneHundred,zero,25-49,normal,,,,
142,zero,tcp,one+,one+,zero,zero,zero,zero,oneHundred,zero,zero,normal,,,,
143,zero,tcp,one+,one+,zero,zero,zero,zero,oneHundred,zero,zero,normal,,,,
144,zero,tcp,one+,one+,zero,zero,zero,zero,oneHundred,zero,zero,normal,,,,
145,zero,tcp,one+,one+,zero,zero,zero,zero,oneHundred,zero,zero,normal,,,,
146,zero,tcp,one+,one+,zero,zero,zero,zero,oneHundred,zero,zero,normal,,,,
147,zero,tcp,one+,one+,zero,zero,zero,zero,oneHundred,zero,zero,normal,,,,
148,zero,tcp,one+,one+,zero,zero,zero,zero,oneHundred,zero,zero,normal,,,,
149,zero,tcp,one+,one+,zero,zero,zero,zero,oneHundred,zero,zero,normal,,,,
150,zero,tcp,ten+,ten+,zero,zero,zero,zero,oneHundred,zero,zero,normal,,,,
151,zero,tcp,one+,one+,zero,zero,zero,zero,oneHundred,zero,zero,normal,,,,
152,zero,tcp,one+,one+,zero,zero,zero,zero,oneHundred,zero,zero,normal,,,,
153,zero,tcp,one+,one+,zero,zero,zero,zero,oneHundred,zero,zero,normal,,,,
154,zero,tcp,ten+,ten+,zero,zero,zero,zero,oneHundred,zero,zero,normal,,,,
155,zero,tcp,one+,one+,zero,zero,zero,zero,oneHundred,zero,zero,normal,,,,
156,zero,tcp,one+,one+,zero,zero,zero,zero,oneHundred,zero,zero,normal,,,,
157,zero,tcp,one+,one+,zero,zero,zero,zero,oneHundred,zero,zero,normal,,,,
158,zero,tcp,one+,one+,zero,zero,zero,zero,oneHundred,zero,zero,normal,,,,
159,zero,tcp,ten+,ten+,zero,zero,zero,zero,oneHundred,zero,zero,normal,,,,
160,zero,tcp,one+,one+,zero,zero,zero,zero,oneHundred,zero,25-49,normal,,,,
161,zero,tcp,ten+,ten+,zero,zero,zero,zero,oneHundred,zero,1to24,normal,,,,
162,zero,tcp,one+,one+,zero,zero,zero,zero,oneHundred,zero,zero,normal,,,,
163,zero,tcp,ten+,ten+,zero,zero,zero,zero,oneHundred,zero,zero,normal,,,,
164,zero,tcp,one+,one+,zero,zero,zero,zero,oneHundred,zero,25-49,normal,,,,
165,zero,tcp,one+,one+,zero,zero,zero,zero,oneHundred,zero,zero,normal,,,,
166,zero,tcp,one+,one+,zero,zero,zero,zero,oneHundred,zero,zero,normal,,,,
167,zero,tcp,ten+,ten+,zero,zero,zero,zero,oneHundred,zero,zero,normal,,,,
168,zero,tcp,ten+,ten+,zero,zero,zero,zero,oneHundred,zero,zero,normal,,,,
169,zero,tcp,one+,one+,zero,zero,zero,zero,oneHundred,zero,zero,normal,,,,
170,zero,tcp,one+,one+,zero,zero,zero,zero,oneHundred,zero,zero,normal,,,,
171,zero,tcp,ten+,ten+,zero,zero,zero,zero,oneHundred,zero,zero,normal,,,,
172,zero,tcp,one+,one+,zero,zero,zero,zero,oneHundred,zero,zero,normal,,,,
173,zero,tcp,one+,one+,zero,zero,zero,zero,oneHundred,zero,zero,normal,,,,
174,zero,tcp,one+,one+,zero,zero,zero,zero,oneHundred,zero,zero,normal,,,,
175,zero,tcp,one+,one+,zero,zero,zero,zero,oneHundred,zero,zero,normal,,,,
176,zero,tcp,one+,one+,zero,zero,zero,zero,oneHundred,zero,zero,normal,,,,
177,zero,tcp,one+,one+,zero,zero,zero,zero,oneHundred,zero,zero,normal,,,,
178,zero,tcp,ten+,ten+,zero,zero,zero,zero,oneHundred,zero,zero,normal,,,,
179,zero,tcp,one+,one+,zero,zero,zero,zero,oneHundred,zero,zero,normal,,,,
180,zero,tcp,ten+,ten+,zero,zero,zero,zero,oneHundred,zero,zero,normal,,,,
181,zero,tcp,one+,one+,zero,zero,zero,zero,oneHundred,zero,zero,normal,,,,
182,zero,tcp,one+,one+,zero,zero,zero,zero,oneHundred,zero,zero,normal,,,,
183,zero,tcp,one+,one+,zero,zero,zero,zero,oneHundred,zero,zero,normal,,,,
184,zero,tcp,one+,one+,zero,zero,zero,zero,oneHundred,zero,zero,normal,,,,
185,zero,tcp,ten+,ten+,zero,zero,zero,zero,oneHundred,zero,zero,normal,,,,
186,zero,tcp,one+,one+,zero,zero,zero,zero,oneHundred,zero,zero,normal,,,,
187,zero,tcp,one+,ten+,zero,zero,zero,zero,oneHundred,zero,1to24,normal,,,,
188,zero,tcp,one+,one+,zero,zero,zero,zero,oneHundred,zero,zero,normal,,,,
189,zero,tcp,one+,one+,zero,zero,zero,zero,oneHundred,zero,zero,normal,,,,
190,zero,tcp,one+,one+,zero,zero,zero,zero,oneHundred,zero,zero,normal,,,,
191,zero,tcp,ten+,ten+,zero,zero,zero,zero,oneHundred,zero,zero,normal,,,,
192,zero,tcp,one+,ten+,zero,zero,zero,zero,oneHundred,zero,zero,normal,,,,
193,zero,tcp,one+,one+,zero,zero,zero,zero,oneHundred,zero,zero,normal,,,,
194,zero,tcp,ten+,ten+,zero,zero,zero,zero,oneHundred,zero,zero,normal,,,,
195,zero,tcp,ten+,ten+,zero,zero,zero,zero,oneHundred,zero,25-49,normal,,,,
196,zero,tcp,one+,one+,zero,zero,zero,zero,oneHundred,zero,zero,normal,,,,
197,zero,tcp,one+,one+,zero,zero,zero,zero,oneHundred,zero,zero,normal,,,,
198,zero,tcp,one+,one+,zero,zero,zero,zero,oneHundred,zero,zero,normal,,,,
199,zero,tcp,one+,one+,zero,zero,zero,zero,oneHundred,zero,50-74,normal,,,,
200,zero,tcp,ten+,ten+,zero,zero,zero,zero,oneHundred,zero,1to24,normal,,,,
201,zero,tcp,one+,ten+,zero,zero,zero,zero,oneHundred,zero,zero,normal,,,,
202,zero,tcp,one+,one+,zero,zero,zero,zero,oneHundred,zero,zero,normal,,,,
203,zero,tcp,one+,one+,zero,zero,zero,zero,oneHundred,zero,zero,normal,,,,
204,zero,tcp,one+,one+,zero,zero,zero,zero,oneHundred,zero,zero,normal,,,,
205,zero,tcp,one+,one+,zero,zero,zero,zero,oneHundred,zero,zero,normal,,,,
206,zero,tcp,one+,one+,zero,zero,zero,zero,oneHundred,zero,zero,normal,,,,
207,zero,tcp,one+,one+,zero,zero,zero,zero,oneHundred,zero,zero,normal,,,,
208,zero,tcp,one+,one+,zero,zero,zero,zero,oneHundred,zero,zero,normal,,,,
209,zero,tcp,one+,one+,zero,zero,zero,zero,oneHundred,zero,oneHundred,normal,,,,
210,zero,tcp,one+,one+,zero,zero,zero,zero,oneHundred,zero,zero,normal,,,,
211,zero,tcp,one+,one+,zero,zero,zero,zero,50-74,oneHundred,zero,normal,,,,
212,zero,udp,one+,one+,zero,zero,zero,zero,oneHundred,zero,oneHundred,normal,,,,
213,zero,udp,one+,one+,zero,zero,zero,zero,oneHundred,zero,zero,normal,,,,
214,zero,tcp,one+,one+,zero,zero,zero,zero,oneHundred,zero,zero,normal,,,,
215,one+,tcp,one+,one+,zero,zero,zero,zero,oneHundred,zero,oneHundred,normal,,,,
216,zero,udp,one+,one+,zero,zero,zero,zero,oneHundred,zero,75-99,normal,,,,
217,zero,tcp,one+,one+,zero,zero,zero,zero,oneHundred,zero,zero,normal,,,,
218,zero,udp,one+,one+,zero,zero,zero,zero,oneHundred,zero,oneHundred,normal,,,,
219,zero,tcp,one+,one+,zero,zero,zero,zero,oneHundred,zero,zero,normal,,,,
220,zero,tcp,one+,one+,zero,zero,zero,zero,25-49,50-74,zero,normal,,,,
221,zero,tcp,one+,one+,zero,zero,zero,zero,oneHundred,zero,zero,normal,,,,
222,zero,tcp,one+,one+,zero,zero,zero,zero,oneHundred,zero,zero,normal,,,,
223,zero,udp,one+,one+,zero,zero,zero,zero,oneHundred,zero,oneHundred,normal,,,,
224,zero,tcp,one+,one+,zero,zero,zero,zero,oneHundred,zero,zero,normal,,,,
225,zero,udp,one+,one+,zero,zero,zero,zero,oneHundred,zero,75-99,normal,,,,
226,zero,tcp,one+,one+,zero,zero,zero,zero,50-74,oneHundred,zero,normal,,,,
227,zero,tcp,one+,one+,zero,zero,zero,zero,oneHundred,zero,zero,normal,,,,
228,zero,tcp,one+,one+,zero,zero,zero,zero,oneHundred,zero,25-49,normal,,,,
229,zero,tcp,one+,ten+,zero,zero,zero,zero,oneHundred,zero,1to24,normal,,,,
230,zero,tcp,ten+,ten+,zero,zero,zero,zero,oneHundred,zero,zero,normal,,,,
231,zero,tcp,one+,one+,zero,zero,zero,zero,oneHundred,zero,zero,normal,,,,
232,zero,tcp,one+,one+,zero,zero,zero,zero,oneHundred,zero,zero,normal,,,,
233,zero,tcp,one+,one+,zero,zero,zero,zero,oneHundred,zero,zero,normal,,,,
234,zero,tcp,one+,one+,zero,zero,zero,zero,oneHundred,zero,zero,normal,,,,
235,zero,tcp,one+,one+,zero,zero,zero,zero,oneHundred,zero,zero,normal,,,,
236,zero,tcp,ten+,ten+,zero,zero,zero,zero,oneHundred,zero,zero,normal,,,,
237,zero,tcp,ten+,ten+,zero,zero,zero,zero,oneHundred,zero,1to24,normal,,,,
238,zero,tcp,one+,ten+,zero,zero,zero,zero,oneHundred,zero,1to24,normal,,,,
239,zero,tcp,one+,ten+,zero,zero,zero,zero,oneHundred,zero,zero,normal,,,,
240,zero,tcp,one+,one+,zero,zero,zero,zero,oneHundred,zero,zero,normal,,,,
241,zero,tcp,one+,ten+,zero,zero,zero,zero,oneHundred,zero,1to24,normal,,,,
242,zero,tcp,one+,one+,zero,zero,zero,zero,oneHundred,zero,zero,normal,,,,
243,zero,tcp,one+,one+,zero,zero,zero,zero,oneHundred,zero,50-74,normal,,,,
244,zero,tcp,one+,one+,zero,zero,zero,zero,oneHundred,zero,zero,normal,,,,
245,zero,tcp,one+,one+,zero,zero,zero,zero,oneHundred,zero,zero,normal,,,,
246,zero,tcp,one+,one+,zero,zero,zero,zero,oneHundred,zero,zero,normal,,,,
247,zero,tcp,one+,one+,zero,zero,zero,zero,oneHundred,zero,zero,normal,,,,
248,zero,tcp,ten+,ten+,zero,zero,zero,zero,oneHundred,zero,zero,normal,,,,
249,zero,tcp,one+,one+,zero,zero,zero,zero,oneHundred,zero,zero,normal,,,,
250,zero,tcp,one+,ten+,zero,zero,zero,zero,oneHundred,zero,zero,normal,,,,
251,zero,tcp,one+,one+,zero,zero,zero,zero,oneHundred,zero,zero,normal,,,,
252,zero,tcp,one+,one+,zero,zero,zero,zero,oneHundred,zero,zero,normal,,,,
253,zero,tcp,ten+,ten+,zero,zero,zero,zero,oneHundred,zero,zero,normal,,,,
254,zero,tcp,ten+,ten+,zero,zero,zero,zero,oneHundred,zero,zero,normal,,,,
255,zero,tcp,one+,one+,zero,zero,zero,zero,oneHundred,zero,zero,normal,,,,
256,zero,tcp,one+,one+,zero,zero,zero,zero,oneHundred,zero,zero,normal,,,,
257,zero,tcp,one+,one+,zero,zero,zero,zero,oneHundred,zero,zero,normal,,,,
258,zero,tcp,one+,one+,zero,zero,zero,zero,oneHundred,zero,zero,normal,,,,
259,zero,tcp,one+,one+,zero,zero,zero,zero,oneHundred,zero,zero,normal,,,,
260,zero,tcp,ten+,ten+,zero,zero,zero,zero,oneHundred,zero,zero,normal,,,,
261,zero,tcp,one+,one+,zero,zero,zero,zero,oneHundred,zero,zero,normal,,,,
262,zero,tcp,one+,one+,zero,zero,zero,zero,oneHundred,zero,zero,normal,,,,
263,zero,tcp,one+,one+,zero,zero,zero,zero,oneHundred,zero,zero,normal,,,,
264,zero,tcp,one+,one+,zero,zero,zero,zero,oneHundred,zero,zero,normal,,,,
265,zero,tcp,one+,one+,zero,zero,zero,zero,oneHundred,zero,zero,normal,,,,
266,zero,tcp,one+,one+,zero,zero,zero,zero,oneHundred,zero,zero,normal,,,,
267,zero,tcp,ten+,ten+,zero,zero,zero,zero,oneHundred,zero,zero,normal,,,,
268,zero,tcp,one+,one+,zero,zero,zero,zero,oneHundred,zero,zero,normal,,,,
269,zero,tcp,one+,one+,zero,zero,zero,zero,oneHundred,zero,zero,normal,,,,
270,zero,tcp,ten+,ten+,zero,zero,zero,zero,oneHundred,zero,zero,normal,,,,
271,zero,tcp,one+,one+,zero,zero,zero,zero,oneHundred,zero,zero,normal,,,,
272,zero,tcp,one+,one+,zero,zero,zero,zero,oneHundred,zero,zero,normal,,,,
273,zero,tcp,one+,one+,zero,zero,zero,zero,oneHundred,zero,zero,normal,,,,
274,zero,tcp,ten+,ten+,zero,zero,zero,zero,oneHundred,zero,zero,normal,,,,
275,zero,tcp,one+,one+,zero,zero,zero,zero,oneHundred,zero,zero,normal,,,,
276,zero,tcp,one+,one+,zero,zero,zero,zero,oneHundred,zero,zero,normal,,,,
277,zero,tcp,ten+,ten+,zero,zero,zero,zero,oneHundred,zero,zero,normal,,,,
278,zero,tcp,one+,ten+,zero,zero,zero,zero,oneHundred,zero,1to24,normal,,,,
279,zero,tcp,one+,one+,zero,zero,zero,zero,oneHundred,zero,25-49,normal,,,,
280,zero,tcp,one+,one+,zero,zero,zero,zero,oneHundred,zero,zero,normal,,,,
281,zero,tcp,ten+,ten+,zero,zero,zero,zero,oneHundred,zero,zero,normal,,,,
282,zero,tcp,one+,one+,zero,zero,zero,zero,oneHundred,zero,zero,normal,,,,
283,zero,tcp,one+,one+,zero,zero,zero,zero,oneHundred,zero,zero,normal,,,,
284,zero,tcp,ten+,ten+,zero,zero,zero,zero,oneHundred,zero,zero,normal,,,,
285,zero,tcp,one+,one+,zero,zero,zero,zero,oneHundred,zero,zero,normal,,,,
286,zero,tcp,one+,one+,zero,zero,zero,zero,oneHundred,zero,zero,normal,,,,
287,zero,tcp,one+,one+,zero,zero,zero,zero,oneHundred,zero,zero,normal,,,,
288,zero,tcp,ten+,ten+,zero,zero,zero,zero,oneHundred,zero,zero,normal,,,,
289,zero,tcp,one+,one+,zero,zero,zero,zero,oneHundred,zero,zero,normal,,,,
290,zero,tcp,one+,one+,zero,zero,zero,zero,oneHundred,zero,zero,normal,,,,
291,zero,tcp,one+,one+,zero,zero,zero,zero,oneHundred,zero,zero,normal,,,,
292,zero,tcp,ten+,ten+,zero,zero,zero,zero,oneHundred,zero,zero,normal,,,,
293,zero,tcp,ten+,ten+,zero,zero,zero,zero,oneHundred,zero,zero,normal,,,,
294,zero,tcp,one+,one+,zero,zero,zero,zero,oneHundred,zero,zero,normal,,,,
295,zero,tcp,one+,one+,zero,zero,zero,zero,oneHundred,zero,zero,normal,,,,
296,zero,tcp,ten+,ten+,zero,zero,zero,zero,oneHundred,zero,zero,normal,,,,
297,zero,tcp,one+,one+,zero,zero,zero,zero,oneHundred,zero,zero,normal,,,,
298,zero,tcp,one+,one+,zero,zero,zero,zero,oneHundred,zero,zero,normal,,,,
299,zero,tcp,one+,one+,zero,zero,zero,zero,oneHundred,zero,zero,normal,,,,
300,zero,tcp,ten+,ten+,zero,zero,zero,zero,oneHundred,zero,zero,normal,,,,
301,zero,tcp,one+,one+,zero,zero,zero,zero,oneHundred,zero,zero,normal,,,,
302,zero,tcp,one+,one+,zero,zero,zero,zero,oneHundred,zero,zero,normal,,,,
303,zero,tcp,ten+,ten+,zero,zero,zero,zero,oneHundred,zero,zero,normal,,,,
304,zero,tcp,ten+,ten+,zero,zero,zero,zero,oneHundred,zero,zero,normal,,,,
305,zero,tcp,one+,one+,zero,zero,zero,zero,oneHundred,zero,zero,normal,,,,
306,zero,tcp,one+,one+,zero,zero,zero,zero,oneHundred,zero,zero,normal,,,,
307,zero,tcp,ten+,ten+,zero,zero,zero,zero,oneHundred,zero,zero,normal,,,,
308,zero,tcp,one+,one+,zero,zero,zero,zero,oneHundred,zero,zero,normal,,,,
309,zero,tcp,one+,one+,zero,zero,zero,zero,oneHundred,zero,zero,normal,,,,
310,zero,tcp,ten+,ten+,zero,zero,zero,zero,oneHundred,zero,zero,normal,,,,
311,zero,tcp,one+,one+,zero,zero,zero,zero,oneHundred,zero,zero,normal,,,,
312,zero,tcp,one+,one+,zero,zero,zero,zero,oneHundred,zero,zero,normal,,,,
313,zero,tcp,ten+,ten+,zero,zero,zero,zero,oneHundred,zero,zero,normal,,,,
314,zero,tcp,one+,one+,zero,zero,zero,zero,oneHundred,zero,zero,normal,,,,
315,zero,tcp,one+,one+,zero,zero,zero,zero,oneHundred,zero,50-74,normal,,,,
316,zero,tcp,ten+,ten+,zero,zero,zero,zero,oneHundred,zero,1to24,normal,,,,
317,zero,tcp,ten+,ten+,zero,zero,zero,zero,oneHundred,zero,zero,normal,,,,
318,zero,tcp,one+,one+,zero,zero,zero,zero,oneHundred,zero,zero,normal,,,,
319,zero,tcp,one+,one+,zero,zero,zero,zero,oneHundred,zero,zero,normal,,,,
320,zero,tcp,ten+,ten+,zero,zero,zero,zero,oneHundred,zero,zero,normal,,,,
321,zero,tcp,one+,one+,zero,zero,zero,zero,oneHundred,zero,zero,normal,,,,
322,zero,tcp,one+,one+,zero,zero,zero,zero,oneHundred,zero,zero,normal,,,,
323,zero,tcp,one+,one+,zero,zero,zero,zero,oneHundred,zero,zero,normal,,,,
324,zero,tcp,one+,one+,zero,zero,zero,zero,oneHundred,zero,zero,normal,,,,
325,zero,tcp,ten+,ten+,zero,zero,zero,zero,oneHundred,zero,zero,normal,,,,
326,zero,tcp,one+,one+,zero,zero,zero,zero,oneHundred,zero,zero,normal,,,,
327,zero,tcp,ten+,ten+,zero,zero,zero,zero,oneHundred,zero,zero,normal,,,,
328,zero,tcp,one+,ten+,zero,zero,zero,zero,oneHundred,zero,1to24,normal,,,,
329,zero,tcp,ten+,ten+,zero,zero,zero,zero,oneHundred,zero,25-49,normal,,,,
330,zero,tcp,ten+,ten+,zero,zero,zero,zero,oneHundred,zero,1to24,normal,,,,
331,zero,tcp,ten+,ten+,zero,zero,zero,zero,oneHundred,zero,1to24,normal,,,,
332,zero,tcp,one+,one+,zero,zero,zero,zero,oneHundred,zero,zero,normal,,,,
333,zero,tcp,one+,one+,zero,zero,zero,zero,oneHundred,zero,zero,normal,,,,
334,zero,tcp,ten+,ten+,zero,zero,zero,zero,oneHundred,zero,zero,normal,,,,
335,zero,tcp,one+,one+,zero,zero,zero,zero,oneHundred,zero,zero,normal,,,,
336,zero,tcp,ten+,ten+,zero,zero,zero,zero,oneHundred,zero,zero,normal,,,,
337,zero,tcp,one+,one+,zero,zero,zero,zero,oneHundred,zero,zero,normal,,,,
338,zero,tcp,ten+,ten+,zero,zero,zero,zero,oneHundred,zero,1to24,normal,,,,
339,zero,tcp,one+,one+,zero,zero,zero,zero,oneHundred,zero,zero,normal,,,,
340,zero,tcp,ten+,ten+,zero,zero,zero,zero,oneHundred,zero,zero,normal,,,,
341,zero,tcp,one+,one+,zero,zero,zero,zero,oneHundred,zero,zero,normal,,,,
342,zero,tcp,ten+,ten+,Jan-24,Jan-24,zero,zero,oneHundred,zero,zero,normal,,,,
343,zero,tcp,one+,ten+,zero,zero,zero,zero,oneHundred,zero,1to24,normal,,,,
344,zero,tcp,ten+,ten+,zero,zero,zero,zero,oneHundred,zero,zero,normal,,,,
345,zero,tcp,one+,one+,zero,zero,zero,zero,oneHundred,zero,25-49,normal,,,,
346,zero,tcp,one+,one+,zero,zero,zero,zero,oneHundred,zero,zero,normal,,,,
347,zero,tcp,one+,ten+,zero,zero,zero,zero,oneHundred,zero,zero,normal,,,,
348,zero,tcp,one+,one+,zero,zero,zero,zero,oneHundred,zero,zero,normal,,,,
349,zero,tcp,one+,one+,zero,zero,zero,zero,oneHundred,zero,25-49,normal,,,,
350,zero,tcp,one+,one+,zero,zero,zero,zero,oneHundred,zero,zero,normal,,,,
351,zero,tcp,ten+,ten+,zero,zero,zero,zero,oneHundred,zero,zero,normal,,,,
352,zero,tcp,one+,one+,zero,zero,zero,zero,oneHundred,zero,zero,normal,,,,
353,zero,tcp,one+,one+,zero,zero,zero,zero,oneHundred,zero,zero,normal,,,,
354,zero,tcp,one+,one+,zero,zero,zero,zero,oneHundred,zero,zero,normal,,,,
355,zero,tcp,one+,one+,zero,zero,zero,zero,oneHundred,zero,zero,normal,,,,
356,zero,tcp,one+,ten+,zero,zero,zero,zero,oneHundred,zero,zero,normal,,,,
357,zero,tcp,one+,one+,zero,zero,zero,zero,oneHundred,zero,zero,normal,,,,
358,zero,tcp,one+,one+,zero,zero,zero,zero,oneHundred,zero,zero,normal,,,,
359,zero,tcp,ten+,ten+,zero,zero,zero,zero,oneHundred,zero,zero,normal,,,,
360,zero,tcp,ten+,ten+,zero,zero,zero,zero,oneHundred,zero,zero,normal,,,,
361,zero,tcp,ten+,ten+,zero,zero,zero,zero,oneHundred,zero,zero,normal,,,,
362,zero,tcp,ten+,ten+,zero,zero,zero,zero,oneHundred,zero,1to24,normal,,,,
363,zero,tcp,one+,one+,zero,zero,zero,zero,oneHundred,zero,zero,normal,,,,
364,zero,tcp,ten+,ten+,zero,zero,zero,zero,oneHundred,zero,zero,normal,,,,
365,zero,tcp,one+,one+,zero,zero,zero,zero,oneHundred,zero,zero,normal,,,,
366,zero,tcp,one+,one+,zero,zero,zero,zero,oneHundred,zero,zero,normal,,,,
367,zero,tcp,ten+,ten+,zero,zero,zero,zero,oneHundred,zero,zero,normal,,,,
368,zero,tcp,ten+,ten+,zero,zero,zero,zero,oneHundred,zero,zero,normal,,,,
369,zero,tcp,one+,ten+,zero,zero,zero,zero,oneHundred,zero,1to24,normal,,,,
370,zero,tcp,ten+,ten+,zero,zero,zero,zero,oneHundred,zero,zero,normal,,,,
371,zero,tcp,ten+,ten+,zero,zero,zero,zero,oneHundred,zero,zero,normal,,,,
372,zero,tcp,one+,one+,zero,zero,zero,zero,oneHundred,zero,zero,normal,,,,
373,zero,tcp,ten+,ten+,zero,zero,zero,zero,oneHundred,zero,zero,normal,,,,
374,zero,tcp,one+,one+,zero,zero,zero,zero,oneHundred,zero,zero,normal,,,,
375,zero,tcp,ten+,ten+,zero,zero,zero,zero,oneHundred,zero,zero,normal,,,,
376,zero,tcp,one+,one+,zero,zero,zero,zero,oneHundred,zero,zero,normal,,,,
377,zero,tcp,ten+,ten+,zero,zero,zero,zero,oneHundred,zero,zero,normal,,,,
378,zero,tcp,one+,one+,zero,zero,zero,zero,oneHundred,zero,zero,normal,,,,
379,zero,tcp,ten+,ten+,zero,zero,zero,zero,oneHundred,zero,zero,normal,,,,
380,zero,tcp,one+,one+,zero,zero,zero,zero,oneHundred,zero,zero,normal,,,,
381,zero,tcp,one+,one+,zero,zero,zero,zero,oneHundred,zero,zero,normal,,,,
382,ten+,tcp,one+,one+,zero,zero,zero,zero,oneHundred,zero,zero,normal,,,,
383,zero,tcp,one+,one+,zero,zero,zero,zero,oneHundred,zero,zero,normal,,,,
384,zero,tcp,one+,one+,zero,zero,zero,zero,oneHundred,zero,zero,normal,,,,
385,zero,tcp,one+,one+,zero,zero,zero,zero,oneHundred,zero,zero,normal,,,,
386,zero,tcp,ten+,ten+,zero,zero,zero,zero,oneHundred,zero,zero,normal,,,,
387,zero,tcp,one+,one+,zero,zero,zero,zero,oneHundred,zero,zero,normal,,,,
388,zero,tcp,one+,one+,zero,zero,zero,zero,oneHundred,zero,25-49,normal,,,,
389,zero,tcp,ten+,ten+,zero,zero,zero,zero,oneHundred,zero,1to24,normal,,,,
390,zero,tcp,ten+,ten+,zero,zero,zero,zero,oneHundred,zero,zero,normal,,,,
391,zero,tcp,one+,one+,zero,zero,zero,zero,oneHundred,zero,zero,normal,,,,
392,zero,tcp,ten+,ten+,zero,zero,zero,zero,oneHundred,zero,zero,normal,,,,
393,zero,tcp,ten+,ten+,zero,zero,zero,zero,oneHundred,zero,zero,normal,,,,
394,zero,tcp,ten+,ten+,zero,zero,zero,zero,oneHundred,zero,zero,normal,,,,
395,zero,tcp,one+,one+,zero,zero,zero,zero,oneHundred,zero,oneHundred,normal,,,,
396,zero,tcp,one+,one+,zero,zero,zero,zero,oneHundred,zero,1to24,normal,,,,
397,zero,tcp,one+,ten+,zero,zero,zero,zero,oneHundred,zero,1to24,normal,,,,
398,zero,tcp,one+,ten+,zero,zero,zero,zero,oneHundred,zero,1to24,normal,,,,
399,zero,tcp,one+,one+,75-99,oneHundred,zero,zero,75-99,25-49,zero,neptune,,,,
400,zero,tcp,ten+,ten+,75-99,oneHundred,zero,zero,75-99,Jan-24,zero,neptune,,,,
401,zero,tcp,ten+,one+,oneHundred,oneHundred,zero,zero,zero,zero,zero,neptune,,,,
402,zero,tcp,hundred+,one+,oneHundred,oneHundred,zero,zero,zero,zero,zero,neptune,,,,
403,zero,tcp,hundred+,ten+,oneHundred,oneHundred,zero,zero,1to24,zero,zero,neptune,,,,
404,zero,tcp,hundred+,one+,oneHundred,oneHundred,zero,zero,zero,zero,zero,neptune,,,,
405,zero,tcp,hundred+,ten+,oneHundred,oneHundred,zero,zero,1to24,zero,zero,neptune,,,,
406,zero,tcp,hundred+,one+,oneHundred,oneHundred,zero,zero,zero,zero,zero,neptune,,,,
407,zero,tcp,hundred+,ten+,oneHundred,oneHundred,zero,zero,1to24,zero,zero,neptune,,,,1to24
408,zero,tcp,hundred+,one+,oneHundred,oneHundred,zero,zero,zero,zero,zero,neptune,,,,
409,zero,tcp,hundred+,ten+,oneHundred,oneHundred,zero,zero,zero,zero,zero,neptune,,,,
410,zero,tcp,hundred+,one+,oneHundred,oneHundred,zero,zero,zero,zero,zero,neptune,,,,
411,zero,tcp,hundred+,ten+,oneHundred,oneHundred,zero,zero,zero,zero,zero,neptune,,,,
412,zero,tcp,hundred+,ten+,oneHundred,oneHundred,zero,zero,1to24,zero,zero,neptune,,,,
413,zero,tcp,hundred+,ten+,oneHundred,oneHundred,zero,zero,zero,zero,zero,neptune,,,,
414,zero,tcp,hundred+,ten+,oneHundred,oneHundred,zero,zero,1to24,zero,zero,neptune,,,,
415,zero,tcp,ten+,ten+,oneHundred,oneHundred,zero,zero,1to24,zero,zero,neptune,,,,
416,zero,tcp,ten+,ten+,oneHundred,oneHundred,zero,zero,1to24,zero,zero,neptune,,,,
417,zero,tcp,hundred+,one+,oneHundred,oneHundred,zero,zero,zero,zero,zero,neptune,,,,
418,zero,tcp,hundred+,ten+,oneHundred,oneHundred,zero,zero,1to24,zero,zero,neptune,,,,
419,zero,tcp,ten+,one+,oneHundred,oneHundred,zero,zero,zero,zero,zero,neptune,,,,
420,zero,tcp,ten+,ten+,oneHundred,oneHundred,zero,zero,1to24,zero,zero,neptune,,,,
421,zero,tcp,ten+,one+,oneHundred,oneHundred,zero,zero,zero,zero,zero,neptune,,,,
422,zero,tcp,ten+,one+,oneHundred,oneHundred,zero,zero,zero,zero,zero,neptune,,,,
423,zero,tcp,ten+,ten+,oneHundred,oneHundred,zero,zero,1to24,zero,zero,neptune,,,,
424,zero,tcp,ten+,ten+,oneHundred,oneHundred,zero,zero,1to24,zero,zero,neptune,,,,
425,zero,tcp,ten+,ten+,oneHundred,oneHundred,zero,zero,25-49,zero,zero,neptune,,,,
426,zero,tcp,ten+,one+,oneHundred,oneHundred,zero,zero,1to24,zero,zero,neptune,,,,
427,zero,tcp,ten+,one+,oneHundred,75-99,zero,zero,zero,Jan-24,50-74,neptune,,,,
428,zero,tcp,ten+,one+,oneHundred,oneHundred,zero,zero,1to24,zero,zero,neptune,,,,
429,zero,tcp,ten+,one+,oneHundred,oneHundred,zero,zero,1to24,zero,zero,neptune,,,,
430,zero,tcp,ten+,ten+,oneHundred,oneHundred,zero,zero,1to24,zero,zero,neptune,,,,
431,zero,tcp,ten+,ten+,oneHundred,oneHundred,zero,zero,1to24,zero,zero,neptune,,,,
432,zero,tcp,ten+,one+,oneHundred,oneHundred,zero,zero,1to24,zero,zero,neptune,,,,
433,zero,tcp,ten+,one+,oneHundred,oneHundred,zero,zero,zero,zero,zero,neptune,,,,
434,zero,tcp,ten+,one+,oneHundred,oneHundred,zero,zero,1to24,zero,zero,neptune,,,,
435,zero,tcp,ten+,ten+,oneHundred,oneHundred,zero,zero,1to24,zero,zero,neptune,,,,
436,zero,tcp,hundred+,ten+,oneHundred,oneHundred,zero,zero,1to24,zero,zero,neptune,,,,
437,zero,tcp,ten+,one+,oneHundred,oneHundred,zero,zero,zero,zero,zero,neptune,,,,
438,zero,tcp,ten+,ten+,oneHundred,oneHundred,zero,zero,1to24,zero,zero,neptune,,,,
439,zero,tcp,ten+,ten+,oneHundred,75-99,zero,zero,1to24,zero,1to24,neptune,,,,
440,zero,tcp,hundred+,ten+,oneHundred,oneHundred,zero,zero,1to24,zero,zero,neptune,,,,
441,zero,tcp,hundred+,ten+,oneHundred,oneHundred,zero,zero,zero,zero,zero,neptune,,,,
442,zero,tcp,hundred+,ten+,oneHundred,oneHundred,zero,zero,1to24,zero,zero,neptune,,,,
443,zero,tcp,hundred+,one+,oneHundred,oneHundred,zero,zero,zero,zero,zero,neptune,,,,
444,zero,tcp,hundred+,ten+,oneHundred,oneHundred,zero,zero,1to24,zero,zero,neptune,,,,
445,zero,tcp,hundred+,one+,oneHundred,oneHundred,zero,zero,zero,zero,zero,neptune,,,,
446,zero,tcp,hundred+,ten+,oneHundred,oneHundred,zero,zero,zero,zero,zero,neptune,,,,
447,zero,tcp,hundred+,ten+,oneHundred,oneHundred,zero,zero,1to24,zero,zero,neptune,,,,
448,zero,tcp,hundred+,one+,oneHundred,oneHundred,zero,zero,zero,zero,zero,neptune,,,,
449,zero,tcp,hundred+,one+,oneHundred,oneHundred,zero,zero,zero,zero,zero,neptune,,,,
450,zero,tcp,ten+,one+,oneHundred,oneHundred,zero,zero,zero,zero,zero,neptune,,,,
451,zero,tcp,hundred+,one+,oneHundred,oneHundred,zero,zero,zero,zero,zero,neptune,,,,
452,zero,tcp,hundred+,ten+,oneHundred,oneHundred,zero,zero,1to24,zero,zero,neptune,,,,
453,zero,tcp,hundred+,ten+,oneHundred,oneHundred,zero,zero,1to24,zero,zero,neptune,,,,
454,zero,tcp,hundred+,one+,oneHundred,oneHundred,zero,zero,zero,zero,zero,neptune,,,,
455,zero,tcp,hundred+,ten+,oneHundred,oneHundred,zero,zero,1to24,zero,zero,neptune,,,,
456,zero,tcp,hundred+,one+,oneHundred,oneHundred,zero,zero,zero,zero,zero,neptune,,,,
457,zero,tcp,hundred+,ten+,oneHundred,oneHundred,zero,zero,zero,zero,zero,neptune,,,,
458,zero,tcp,ten+,one+,oneHundred,oneHundred,zero,zero,zero,zero,zero,neptune,,,,
459,zero,tcp,hundred+,ten+,oneHundred,oneHundred,zero,zero,1to24,zero,zero,neptune,,,,
460,zero,tcp,hundred+,ten+,oneHundred,oneHundred,zero,zero,1to24,zero,zero,neptune,,,,
461,zero,tcp,ten+,ten+,oneHundred,oneHundred,zero,zero,1to24,zero,zero,neptune,,,,
462,zero,tcp,hundred+,ten+,oneHundred,oneHundred,zero,zero,1to24,zero,zero,neptune,,,,
463,zero,tcp,hundred+,ten+,oneHundred,oneHundred,zero,zero,1to24,zero,zero,neptune,,,,
464,zero,tcp,hundred+,one+,oneHundred,oneHundred,zero,zero,zero,zero,zero,neptune,,,,
465,zero,tcp,hundred+,ten+,oneHundred,oneHundred,zero,zero,1to24,zero,zero,neptune,,,,
466,zero,tcp,hundred+,ten+,oneHundred,oneHundred,zero,zero,zero,zero,zero,neptune,,,,
467,zero,tcp,hundred+,ten+,oneHundred,oneHundred,zero,zero,1to24,zero,zero,neptune,,,,
468,zero,tcp,hundred+,ten+,oneHundred,oneHundred,zero,zero,1to24,zero,zero,neptune,,,,
469,zero,tcp,hundred+,one+,oneHundred,oneHundred,zero,zero,zero,zero,zero,neptune,,,,
470,zero,tcp,hundred+,one+,oneHundred,oneHundred,zero,zero,zero,zero,zero,neptune,,,,
471,zero,tcp,hundred+,ten+,oneHundred,oneHundred,zero,zero,1to24,zero,zero,neptune,,,,
472,zero,tcp,hundred+,one+,oneHundred,oneHundred,zero,zero,zero,zero,zero,neptune,,,,
473,zero,tcp,ten+,one+,oneHundred,oneHundred,zero,zero,zero,zero,zero,neptune,,,,
474,zero,tcp,ten+,one+,oneHundred,oneHundred,zero,zero,zero,zero,zero,neptune,,,,
475,zero,tcp,hundred+,ten+,oneHundred,oneHundred,zero,zero,zero,zero,zero,neptune,,,,
476,zero,tcp,hundred+,ten+,oneHundred,oneHundred,zero,zero,zero,zero,zero,neptune,,,,
477,zero,tcp,hundred+,ten+,oneHundred,oneHundred,zero,zero,1to24,zero,zero,neptune,,,,
478,zero,tcp,ten+,one+,oneHundred,oneHundred,zero,zero,zero,zero,zero,neptune,,,,
479,zero,tcp,ten+,one+,oneHundred,oneHundred,zero,zero,1to24,zero,zero,neptune,,,,
480,zero,tcp,hundred+,ten+,oneHundred,oneHundred,zero,zero,1to24,zero,zero,neptune,,,,
481,zero,tcp,hundred+,ten+,oneHundred,oneHundred,zero,zero,1to24,zero,zero,neptune,,,,
482,zero,tcp,ten+,one+,oneHundred,oneHundred,zero,zero,1to24,zero,zero,neptune,,,,
483,zero,tcp,ten+,ten+,oneHundred,oneHundred,zero,zero,1to24,zero,zero,neptune,,,,
484,zero,tcp,ten+,ten+,oneHundred,oneHundred,zero,zero,1to24,zero,zero,neptune,,,,
485,zero,tcp,ten+,one+,oneHundred,oneHundred,zero,zero,1to24,zero,zero,neptune,,,,
486,zero,tcp,ten+,one+,oneHundred,oneHundred,zero,zero,zero,zero,zero,neptune,,,,
487,zero,tcp,ten+,one+,oneHundred,oneHundred,zero,zero,zero,zero,zero,neptune,,,,
488,zero,tcp,ten+,ten+,oneHundred,oneHundred,zero,zero,1to24,zero,zero,neptune,,,,
489,zero,tcp,hundred+,ten+,oneHundred,oneHundred,zero,zero,1to24,zero,zero,neptune,,,,
490,zero,tcp,ten+,one+,oneHundred,oneHundred,zero,zero,zero,zero,zero,neptune,,,,
491,zero,tcp,ten+,one+,oneHundred,oneHundred,zero,zero,zero,zero,zero,neptune,,,,
492,zero,tcp,hundred+,one+,oneHundred,oneHundred,zero,zero,zero,zero,zero,neptune,,,,
493,zero,tcp,hundred+,ten+,oneHundred,oneHundred,zero,zero,1to24,zero,zero,neptune,,,,
494,zero,tcp,hundred+,ten+,oneHundred,oneHundred,zero,zero,1to24,zero,zero,neptune,,,,
495,zero,tcp,hundred+,ten+,oneHundred,oneHundred,zero,zero,1to24,zero,zero,neptune,,,,
496,zero,tcp,hundred+,one+,oneHundred,oneHundred,zero,zero,zero,zero,zero,neptune,,,,
497,zero,tcp,hundred+,ten+,oneHundred,oneHundred,zero,zero,1to24,zero,zero,neptune,,,,
498,zero,tcp,hundred+,ten+,oneHundred,oneHundred,zero,zero,1to24,zero,zero,neptune,,,,
499,zero,tcp,hundred+,one+,oneHundred,oneHundred,zero,zero,zero,zero,zero,neptune,,,,
500,zero,tcp,hundred+,ten+,oneHundred,oneHundred,zero,zero,1to24,zero,zero,neptune,,,,
501,zero,tcp,hundred+,one+,oneHundred,oneHundred,zero,zero,zero,zero,zero,neptune,,,,
502,zero,tcp,ten+,ten+,oneHundred,oneHundred,zero,zero,1to24,zero,zero,neptune,,,,
503,zero,tcp,hundred+,one+,oneHundred,oneHundred,zero,zero,zero,zero,zero,neptune,,,,
504,zero,tcp,hundred+,ten+,oneHundred,oneHundred,zero,zero,1to24,zero,zero,neptune,,,,
505,zero,tcp,hundred+,one+,oneHundred,oneHundred,zero,zero,zero,zero,zero,neptune,,,,
506,zero,tcp,hundred+,ten+,oneHundred,oneHundred,zero,zero,1to24,zero,zero,neptune,,,,
507,zero,tcp,hundred+,one+,oneHundred,oneHundred,zero,zero,zero,zero,zero,neptune,,,,
508,zero,tcp,hundred+,ten+,oneHundred,oneHundred,zero,zero,1to24,zero,zero,neptune,,,,
509,zero,tcp,hundred+,one+,oneHundred,oneHundred,zero,zero,zero,zero,zero,neptune,,,,
510,zero,tcp,hundred+,ten+,oneHundred,oneHundred,zero,zero,zero,zero,zero,neptune,,,,
511,zero,tcp,ten+,one+,oneHundred,oneHundred,zero,zero,zero,zero,zero,neptune,,,,
512,zero,tcp,hundred+,one+,oneHundred,oneHundred,zero,zero,zero,zero,zero,neptune,,,,
513,zero,tcp,ten+,one+,oneHundred,oneHundred,zero,zero,zero,zero,zero,neptune,,,,
514,zero,tcp,hundred+,ten+,oneHundred,oneHundred,zero,zero,1to24,zero,zero,neptune,,,,
515,zero,tcp,hundred+,ten+,oneHundred,oneHundred,zero,zero,zero,zero,zero,neptune,,,,
516,zero,tcp,hundred+,ten+,oneHundred,oneHundred,zero,zero,1to24,zero,zero,neptune,,,,
517,zero,tcp,ten+,one+,oneHundred,oneHundred,zero,zero,zero,zero,zero,neptune,,,,
518,zero,tcp,hundred+,ten+,oneHundred,oneHundred,zero,zero,1to24,zero,zero,neptune,,,,
519,zero,tcp,hundred+,one+,oneHundred,oneHundred,zero,zero,zero,zero,zero,neptune,,,,
520,zero,tcp,hundred+,ten+,oneHundred,oneHundred,zero,zero,1to24,zero,zero,neptune,,,,
521,zero,tcp,hundred+,ten+,oneHundred,oneHundred,zero,zero,1to24,zero,zero,neptune,,,,
522,zero,tcp,hundred+,ten+,oneHundred,oneHundred,zero,zero,1to24,zero,zero,neptune,,,,
523,zero,tcp,hundred+,one+,oneHundred,oneHundred,zero,zero,zero,zero,zero,neptune,,,,
524,zero,tcp,hundred+,ten+,oneHundred,oneHundred,zero,zero,1to24,zero,zero,neptune,,,,
525,zero,tcp,ten+,ten+,oneHundred,oneHundred,zero,zero,1to24,zero,zero,neptune,,,,
526,zero,tcp,hundred+,ten+,oneHundred,oneHundred,zero,zero,1to24,zero,zero,neptune,,,,
527,zero,tcp,hundred+,one+,oneHundred,oneHundred,zero,zero,zero,zero,zero,neptune,,,,
528,zero,tcp,hundred+,ten+,oneHundred,oneHundred,zero,zero,1to24,zero,zero,neptune,,,,
529,zero,tcp,hundred+,one+,oneHundred,oneHundred,zero,zero,zero,zero,zero,neptune,,,,
530,zero,tcp,hundred+,ten+,oneHundred,oneHundred,zero,zero,1to24,zero,zero,neptune,,,,
531,zero,tcp,hundred+,one+,oneHundred,oneHundred,zero,zero,zero,zero,zero,neptune,,,,
532,zero,tcp,hundred+,ten+,oneHundred,oneHundred,zero,zero,zero,zero,zero,neptune,,,,
533,zero,tcp,hundred+,one+,oneHundred,oneHundred,zero,zero,zero,zero,zero,neptune,,,,
534,zero,tcp,hundred+,one+,oneHundred,oneHundred,zero,zero,zero,zero,zero,neptune,,,,
535,zero,tcp,hundred+,ten+,oneHundred,oneHundred,zero,zero,1to24,zero,zero,neptune,,,,
536,zero,tcp,hundred+,one+,oneHundred,oneHundred,zero,zero,zero,zero,zero,neptune,,,,
537,zero,tcp,ten+,one+,oneHundred,oneHundred,zero,zero,zero,zero,zero,neptune,,,,
538,zero,tcp,ten+,one+,oneHundred,oneHundred,zero,zero,1to24,zero,zero,neptune,,,,
539,zero,tcp,ten+,one+,oneHundred,oneHundred,zero,zero,1to24,zero,zero,neptune,,,,
540,zero,tcp,hundred+,one+,oneHundred,oneHundred,zero,zero,zero,zero,zero,neptune,,,,
541,zero,tcp,hundred+,ten+,oneHundred,oneHundred,zero,zero,1to24,zero,zero,neptune,,,,
542,zero,tcp,hundred+,one+,oneHundred,oneHundred,zero,zero,zero,zero,zero,neptune,,,,
543,zero,tcp,ten+,one+,oneHundred,oneHundred,zero,zero,zero,zero,zero,neptune,,,,
544,zero,tcp,hundred+,one+,oneHundred,oneHundred,zero,zero,zero,zero,zero,neptune,,,,
545,zero,tcp,hundred+,ten+,oneHundred,oneHundred,zero,zero,1to24,zero,zero,neptune,,,,
546,zero,tcp,hundred+,one+,oneHundred,oneHundred,zero,zero,zero,zero,zero,neptune,,,,
547,zero,tcp,hundred+,ten+,oneHundred,oneHundred,zero,zero,1to24,zero,zero,neptune,,,,
548,zero,tcp,hundred+,one+,oneHundred,oneHundred,zero,zero,zero,zero,zero,neptune,,,,
549,zero,tcp,hundred+,ten+,oneHundred,oneHundred,zero,zero,1to24,zero,zero,neptune,,,,
550,zero,tcp,ten+,ten+,oneHundred,oneHundred,zero,zero,1to24,zero,zero,neptune,,,,
551,zero,tcp,hundred+,ten+,oneHundred,oneHundred,zero,zero,1to24,zero,zero,neptune,,,,
552,zero,tcp,hundred+,ten+,oneHundred,oneHundred,zero,zero,zero,zero,zero,neptune,,,,
553,zero,tcp,hundred+,one+,oneHundred,oneHundred,zero,zero,zero,zero,zero,neptune,,,,
554,zero,tcp,hundred+,one+,oneHundred,oneHundred,zero,zero,zero,zero,zero,neptune,,,,
555,zero,tcp,hundred+,one+,oneHundred,oneHundred,zero,zero,zero,zero,zero,neptune,,,,
556,zero,tcp,hundred+,ten+,oneHundred,oneHundred,zero,zero,1to24,zero,zero,neptune,,,,
557,zero,tcp,hundred+,one+,oneHundred,oneHundred,zero,zero,zero,zero,zero,neptune,,,,
558,zero,tcp,hundred+,ten+,oneHundred,oneHundred,zero,zero,1to24,zero,zero,neptune,,,,
559,zero,tcp,hundred+,one+,oneHundred,oneHundred,zero,zero,zero,zero,zero,neptune,,,,
560,zero,tcp,hundred+,one+,oneHundred,oneHundred,zero,zero,zero,zero,zero,neptune,,,,
561,zero,tcp,hundred+,one+,oneHundred,oneHundred,zero,zero,zero,zero,zero,neptune,,,,
562,zero,tcp,hundred+,ten+,oneHundred,oneHundred,zero,zero,zero,zero,zero,neptune,,,,
563,zero,tcp,hundred+,ten+,oneHundred,oneHundred,zero,zero,zero,zero,zero,neptune,,,,
564,zero,tcp,ten+,one+,oneHundred,oneHundred,zero,zero,zero,zero,zero,neptune,,,,
565,zero,tcp,hundred+,one+,oneHundred,oneHundred,zero,zero,zero,zero,zero,neptune,,,,
566,zero,tcp,hundred+,one+,oneHundred,oneHundred,zero,zero,zero,zero,zero,neptune,,,,
567,zero,tcp,hundred+,ten+,oneHundred,oneHundred,zero,zero,1to24,zero,zero,neptune,,,,
568,zero,tcp,hundred+,one+,oneHundred,oneHundred,zero,zero,zero,zero,zero,neptune,,,,
569,zero,tcp,hundred+,ten+,oneHundred,oneHundred,zero,zero,1to24,zero,zero,neptune,,,,
570,zero,tcp,hundred+,one+,oneHundred,oneHundred,zero,zero,zero,zero,zero,neptune,,,,
571,zero,tcp,hundred+,ten+,oneHundred,oneHundred,zero,zero,1to24,zero,zero,neptune,,,,
572,zero,tcp,hundred+,ten+,oneHundred,oneHundred,zero,zero,1to24,zero,zero,neptune,,,,
573,zero,tcp,hundred+,one+,oneHundred,oneHundred,zero,zero,zero,zero,zero,neptune,,,,
574,zero,tcp,hundred+,ten+,oneHundred,oneHundred,zero,zero,zero,zero,zero,neptune,,,,
575,zero,tcp,ten+,one+,oneHundred,oneHundred,zero,zero,zero,zero,zero,neptune,,,,
576,zero,tcp,hundred+,one+,oneHundred,oneHundred,zero,zero,zero,zero,zero,neptune,,,,
577,zero,tcp,hundred+,ten+,oneHundred,oneHundred,zero,zero,1to24,zero,zero,neptune,,,,
578,zero,tcp,hundred+,one+,oneHundred,oneHundred,zero,zero,zero,zero,zero,neptune,,,,
579,zero,tcp,hundred+,one+,oneHundred,oneHundred,zero,zero,zero,zero,zero,neptune,,,,
580,zero,tcp,hundred+,ten+,oneHundred,oneHundred,zero,zero,1to24,zero,zero,neptune,,,,
581,zero,tcp,hundred+,ten+,oneHundred,oneHundred,zero,zero,1to24,zero,zero,neptune,,,,
582,zero,tcp,hundred+,one+,oneHundred,oneHundred,zero,zero,zero,zero,zero,neptune,,,,
583,zero,tcp,hundred+,ten+,oneHundred,oneHundred,zero,zero,zero,zero,zero,neptune,,,,
584,zero,tcp,hundred+,one+,oneHundred,oneHundred,zero,zero,zero,zero,zero,neptune,,,,
585,zero,tcp,hundred+,ten+,oneHundred,oneHundred,zero,zero,1to24,zero,zero,neptune,,,,
586,zero,tcp,hundred+,one+,oneHundred,oneHundred,zero,zero,zero,zero,zero,neptune,,,,
587,zero,tcp,hundred+,one+,oneHundred,oneHundred,zero,zero,zero,zero,zero,neptune,,,,
588,zero,tcp,ten+,ten+,oneHundred,oneHundred,zero,zero,1to24,zero,zero,neptune,,,,
589,zero,tcp,hundred+,ten+,oneHundred,oneHundred,zero,zero,1to24,zero,zero,neptune,,,,
590,zero,tcp,ten+,ten+,oneHundred,oneHundred,zero,zero,1to24,zero,zero,neptune,,,,
591,zero,tcp,ten+,one+,oneHundred,oneHundred,zero,zero,zero,zero,zero,neptune,,,,
592,zero,tcp,hundred+,ten+,oneHundred,oneHundred,zero,zero,1to24,zero,zero,neptune,,,,
593,zero,tcp,ten+,one+,oneHundred,oneHundred,zero,zero,zero,zero,zero,neptune,,,,
594,zero,tcp,ten+,ten+,oneHundred,oneHundred,zero,zero,1to24,zero,zero,neptune,,,,
595,zero,tcp,ten+,one+,oneHundred,oneHundred,zero,zero,zero,zero,zero,neptune,,,,
596,zero,tcp,ten+,ten+,oneHundred,oneHundred,zero,zero,1to24,zero,zero,neptune,,,,
597,zero,tcp,ten+,one+,oneHundred,oneHundred,zero,zero,zero,zero,zero,neptune,,,,
598,zero,tcp,ten+,one+,oneHundred,oneHundred,zero,zero,1to24,zero,zero,neptune,,,,
599,zero,tcp,ten+,ten+,oneHundred,oneHundred,zero,zero,1to24,zero,zero,neptune,,,,
600,zero,tcp,ten+,ten+,oneHundred,oneHundred,zero,zero,1to24,zero,zero,neptune,,,,
601,zero,tcp,hundred+,one+,oneHundred,oneHundred,zero,zero,zero,zero,zero,neptune,,,,
602,zero,tcp,hundred+,ten+,oneHundred,oneHundred,zero,zero,1to24,zero,zero,neptune,,,,
603,zero,tcp,hundred+,one+,oneHundred,oneHundred,zero,zero,zero,zero,zero,neptune,,,,
604,zero,tcp,hundred+,one+,oneHundred,oneHundred,zero,zero,zero,zero,zero,neptune,,,,
605,zero,tcp,hundred+,ten+,oneHundred,oneHundred,zero,zero,1to24,zero,zero,neptune,,,,
606,zero,tcp,hundred+,one+,oneHundred,oneHundred,zero,zero,zero,zero,zero,neptune,,,,
607,zero,tcp,hundred+,ten+,oneHundred,oneHundred,zero,zero,zero,zero,zero,neptune,,,,
608,zero,tcp,hundred+,one+,oneHundred,oneHundred,zero,zero,zero,zero,zero,neptune,,,,
609,zero,tcp,hundred+,one+,oneHundred,oneHundred,zero,zero,zero,zero,zero,neptune,,,,
610,zero,tcp,hundred+,ten+,oneHundred,oneHundred,zero,zero,zero,zero,zero,neptune,,,,
611,zero,tcp,hundred+,one+,oneHundred,oneHundred,zero,zero,zero,zero,zero,neptune,,,,
612,zero,tcp,hundred+,one+,oneHundred,oneHundred,zero,zero,zero,zero,zero,neptune,,,,
613,zero,tcp,hundred+,ten+,oneHundred,oneHundred,zero,zero,1to24,zero,zero,neptune,,,,
614,zero,tcp,hundred+,ten+,oneHundred,oneHundred,zero,zero,1to24,zero,zero,neptune,,,,
615,zero,tcp,hundred+,ten+,oneHundred,oneHundred,zero,zero,1to24,zero,zero,neptune,,,,
616,zero,tcp,hundred+,one+,oneHundred,oneHundred,zero,zero,zero,zero,zero,neptune,,,,
617,zero,tcp,hundred+,ten+,oneHundred,oneHundred,zero,zero,1to24,zero,zero,neptune,,,,
618,zero,tcp,ten+,one+,oneHundred,oneHundred,zero,zero,zero,zero,zero,neptune,,,,
619,zero,tcp,hundred+,ten+,oneHundred,oneHundred,zero,zero,1to24,zero,zero,neptune,,,,
620,zero,tcp,hundred+,one+,oneHundred,oneHundred,zero,zero,zero,zero,zero,neptune,,,,
621,zero,tcp,hundred+,ten+,oneHundred,oneHundred,zero,zero,1to24,zero,zero,neptune,,,,
622,zero,tcp,hundred+,one+,oneHundred,oneHundred,zero,zero,zero,zero,zero,neptune,,,,
623,zero,tcp,hundred+,ten+,oneHundred,oneHundred,zero,zero,1to24,zero,zero,neptune,,,,
624,zero,tcp,ten+,one+,oneHundred,oneHundred,zero,zero,zero,zero,zero,neptune,,,,
625,zero,tcp,hundred+,ten+,oneHundred,oneHundred,zero,zero,1to24,zero,zero,neptune,,,,
626,zero,tcp,ten+,one+,oneHundred,oneHundred,zero,zero,zero,zero,zero,neptune,,,,
627,zero,tcp,ten+,one+,oneHundred,oneHundred,zero,zero,1to24,zero,zero,neptune,,,,
628,zero,tcp,ten+,ten+,oneHundred,oneHundred,zero,zero,1to24,zero,zero,neptune,,,,
629,zero,tcp,hundred+,ten+,oneHundred,oneHundred,zero,zero,1to24,zero,zero,neptune,,,,
630,zero,tcp,ten+,one+,oneHundred,oneHundred,zero,zero,zero,Jan-24,zero,neptune,,,,
631,zero,tcp,ten+,ten+,oneHundred,oneHundred,zero,zero,1to24,zero,zero,neptune,,,,
632,zero,tcp,ten+,ten+,oneHundred,oneHundred,zero,zero,1to24,zero,zero,neptune,,,,
633,zero,tcp,ten+,one+,oneHundred,oneHundred,zero,zero,zero,zero,zero,neptune,,,,
634,zero,tcp,ten+,ten+,oneHundred,oneHundred,zero,zero,1to24,zero,zero,neptune,,,,
635,zero,tcp,ten+,one+,oneHundred,oneHundred,zero,zero,1to24,zero,zero,neptune,,,,
636,zero,tcp,ten+,ten+,oneHundred,oneHundred,zero,zero,25-49,zero,zero,neptune,,,,
637,zero,tcp,ten+,one+,oneHundred,oneHundred,zero,zero,zero,zero,zero,neptune,,,,
638,zero,tcp,ten+,ten+,oneHundred,oneHundred,zero,zero,1to24,zero,zero,neptune,,,,
639,zero,tcp,hundred+,ten+,oneHundred,oneHundred,zero,zero,1to24,zero,zero,neptune,,,,
640,zero,tcp,ten+,one+,oneHundred,oneHundred,zero,zero,1to24,zero,zero,neptune,,,,
641,zero,tcp,ten+,ten+,oneHundred,oneHundred,zero,zero,1to24,zero,zero,neptune,,,,
642,zero,tcp,ten+,one+,oneHundred,oneHundred,zero,zero,zero,zero,zero,neptune,,,,
643,zero,tcp,ten+,ten+,oneHundred,oneHundred,zero,zero,1to24,zero,zero,neptune,,,,
644,zero,tcp,hundred+,ten+,oneHundred,oneHundred,zero,zero,1to24,zero,zero,neptune,,,,
645,zero,tcp,ten+,one+,oneHundred,oneHundred,zero,zero,zero,zero,zero,neptune,,,,
646,zero,tcp,hundred+,one+,oneHundred,oneHundred,zero,zero,zero,zero,zero,neptune,,,,
647,zero,tcp,hundred+,ten+,oneHundred,oneHundred,zero,zero,1to24,zero,zero,neptune,,,,
648,zero,tcp,hundred+,one+,oneHundred,oneHundred,zero,zero,zero,zero,zero,neptune,,,,
649,zero,tcp,hundred+,ten+,oneHundred,oneHundred,zero,zero,1to24,zero,zero,neptune,,,,
650,zero,tcp,hundred+,one+,oneHundred,oneHundred,zero,zero,zero,zero,zero,neptune,,,,
651,zero,tcp,hundred+,one+,oneHundred,oneHundred,zero,zero,zero,zero,zero,neptune,,,,
652,zero,tcp,hundred+,ten+,oneHundred,oneHundred,zero,zero,1to24,zero,zero,neptune,,,,
653,zero,tcp,hundred+,one+,oneHundred,oneHundred,zero,zero,zero,zero,zero,neptune,,,,
654,zero,tcp,hundred+,ten+,oneHundred,oneHundred,zero,zero,1to24,zero,zero,neptune,,,,
655,zero,tcp,hundred+,ten+,oneHundred,oneHundred,zero,zero,zero,zero,zero,neptune,,,,
656,zero,tcp,hundred+,one+,oneHundred,oneHundred,zero,zero,zero,zero,zero,neptune,,,,
657,zero,tcp,hundred+,ten+,oneHundred,oneHundred,zero,zero,zero,zero,zero,neptune,,,,
658,zero,tcp,hundred+,ten+,oneHundred,oneHundred,zero,zero,1to24,zero,zero,neptune,,,,
659,zero,tcp,hundred+,one+,oneHundred,oneHundred,zero,zero,zero,zero,zero,neptune,,,,
660,zero,tcp,ten+,ten+,oneHundred,oneHundred,zero,zero,1to24,zero,zero,neptune,,,,
661,zero,tcp,ten+,one+,oneHundred,oneHundred,zero,zero,zero,zero,zero,neptune,,,,
662,zero,tcp,hundred+,ten+,oneHundred,oneHundred,zero,zero,1to24,zero,zero,neptune,,,,
663,zero,tcp,ten+,one+,oneHundred,oneHundred,zero,zero,zero,zero,zero,neptune,,,,
664,zero,tcp,ten+,ten+,oneHundred,oneHundred,zero,zero,1to24,zero,zero,neptune,,,,
665,zero,tcp,ten+,ten+,oneHundred,oneHundred,zero,zero,25-49,zero,zero,neptune,,,,
666,zero,tcp,hundred+,one+,oneHundred,oneHundred,zero,zero,zero,zero,zero,neptune,,,,
667,zero,tcp,ten+,ten+,oneHundred,oneHundred,zero,zero,25-49,zero,zero,neptune,,,,
668,zero,tcp,ten+,one+,oneHundred,oneHundred,zero,zero,zero,zero,zero,neptune,,,,
669,zero,tcp,ten+,ten+,oneHundred,oneHundred,zero,zero,1to24,Jan-24,zero,neptune,,,,
670,zero,tcp,ten+,one+,oneHundred,oneHundred,zero,zero,zero,zero,zero,neptune,,,,
671,zero,tcp,ten+,ten+,oneHundred,oneHundred,zero,zero,1to24,zero,zero,neptune,,,,
672,zero,tcp,ten+,ten+,oneHundred,oneHundred,zero,zero,1to24,zero,zero,neptune,,,,
673,zero,tcp,ten+,one+,oneHundred,oneHundred,zero,zero,1to24,zero,zero,neptune,,,,
674,zero,tcp,ten+,ten+,oneHundred,oneHundred,zero,zero,1to24,zero,zero,neptune,,,,
675,zero,tcp,ten+,one+,oneHundred,oneHundred,zero,zero,1to24,zero,zero,neptune,,,,
676,zero,tcp,ten+,ten+,oneHundred,oneHundred,zero,zero,1to24,zero,zero,neptune,,,,
677,zero,tcp,ten+,one+,oneHundred,oneHundred,zero,zero,1to24,zero,zero,neptune,,,,
678,zero,tcp,hundred+,ten+,oneHundred,oneHundred,zero,zero,1to24,zero,zero,neptune,,,,
679,zero,tcp,ten+,one+,oneHundred,oneHundred,zero,zero,zero,zero,zero,neptune,,,,
680,zero,tcp,ten+,one+,oneHundred,oneHundred,zero,zero,zero,zero,zero,neptune,,,,
681,zero,tcp,ten+,one+,oneHundred,oneHundred,zero,zero,zero,zero,zero,neptune,,,,
682,zero,tcp,ten+,ten+,oneHundred,oneHundred,zero,zero,1to24,zero,zero,neptune,,,,
683,zero,tcp,hundred+,one+,oneHundred,oneHundred,zero,zero,zero,zero,zero,neptune,,,,
684,zero,tcp,hundred+,ten+,oneHundred,oneHundred,zero,zero,1to24,zero,zero,neptune,,,,
685,zero,tcp,ten+,ten+,oneHundred,oneHundred,zero,zero,1to24,zero,zero,neptune,,,,
686,zero,tcp,ten+,one+,oneHundred,oneHundred,zero,zero,zero,zero,zero,neptune,,,,
687,zero,tcp,hundred+,ten+,oneHundred,oneHundred,zero,zero,1to24,zero,zero,neptune,,,,
688,zero,tcp,hundred+,one+,oneHundred,oneHundred,zero,zero,zero,zero,zero,neptune,,,,
689,zero,tcp,hundred+,one+,oneHundred,oneHundred,zero,zero,zero,zero,zero,neptune,,,,
690,zero,tcp,ten+,one+,oneHundred,oneHundred,zero,zero,zero,zero,zero,neptune,,,,
691,zero,tcp,hundred+,ten+,oneHundred,oneHundred,zero,zero,1to24,zero,zero,neptune,,,,
692,zero,tcp,hundred+,one+,oneHundred,oneHundred,zero,zero,zero,zero,zero,neptune,,,,
693,zero,tcp,hundred+,ten+,oneHundred,oneHundred,zero,zero,1to24,zero,zero,neptune,,,,
694,zero,tcp,hundred+,one+,oneHundred,oneHundred,zero,zero,zero,zero,zero,neptune,,,,
695,zero,tcp,hundred+,ten+,oneHundred,oneHundred,zero,zero,zero,zero,zero,neptune,,,,
696,zero,tcp,hundred+,ten+,oneHundred,oneHundred,zero,zero,1to24,zero,zero,neptune,,,,
697,zero,tcp,hundred+,one+,oneHundred,oneHundred,zero,zero,zero,zero,zero,neptune,,,,
698,zero,tcp,hundred+,ten+,oneHundred,oneHundred,zero,zero,1to24,zero,zero,neptune,,,,
699,zero,tcp,hundred+,one+,oneHundred,oneHundred,zero,zero,zero,zero,zero,neptune,,,,
700,zero,tcp,hundred+,ten+,oneHundred,oneHundred,zero,zero,1to24,zero,zero,neptune,,,,
701,zero,tcp,hundred+,one+,oneHundred,oneHundred,zero,zero,zero,zero,zero,neptune,,,,
702,zero,tcp,hundred+,ten+,oneHundred,oneHundred,zero,zero,1to24,zero,zero,neptune,,,,
703,zero,tcp,hundred+,one+,oneHundred,oneHundred,zero,zero,zero,zero,zero,neptune,,,,
704,zero,tcp,hundred+,ten+,oneHundred,oneHundred,zero,zero,1to24,zero,zero,neptune,,,,
705,zero,tcp,hundred+,one+,oneHundred,oneHundred,zero,zero,zero,zero,zero,neptune,,,,
706,zero,tcp,ten+,ten+,oneHundred,oneHundred,zero,zero,1to24,zero,zero,neptune,,,,
707,zero,tcp,hundred+,one+,oneHundred,oneHundred,zero,zero,zero,zero,zero,neptune,,,,
708,zero,tcp,hundred+,ten+,oneHundred,oneHundred,zero,zero,zero,zero,zero,neptune,,,,
709,zero,tcp,hundred+,ten+,oneHundred,oneHundred,zero,zero,1to24,zero,zero,neptune,,,,
710,zero,tcp,hundred+,one+,oneHundred,oneHundred,zero,zero,zero,zero,zero,neptune,,,,
711,zero,tcp,hundred+,ten+,oneHundred,oneHundred,zero,zero,1to24,zero,zero,neptune,,,,
712,zero,tcp,hundred+,one+,oneHundred,oneHundred,zero,zero,zero,zero,zero,neptune,,,,
713,zero,tcp,hundred+,one+,oneHundred,oneHundred,zero,zero,zero,zero,zero,neptune,,,,
714,zero,tcp,hundred+,one+,oneHundred,oneHundred,zero,zero,zero,zero,zero,neptune,,,,
715,zero,tcp,hundred+,ten+,oneHundred,oneHundred,zero,zero,1to24,zero,zero,neptune,,,,
716,zero,tcp,hundred+,one+,oneHundred,oneHundred,zero,zero,zero,zero,zero,neptune,,,,
717,zero,tcp,hundred+,ten+,oneHundred,oneHundred,zero,zero,1to24,zero,zero,neptune,,,,
718,zero,tcp,hundred+,one+,oneHundred,oneHundred,zero,zero,zero,zero,zero,neptune,,,,
719,zero,tcp,hundred+,ten+,oneHundred,oneHundred,zero,zero,1to24,zero,zero,neptune,,,,
720,zero,tcp,hundred+,one+,oneHundred,oneHundred,zero,zero,zero,zero,zero,neptune,,,,
721,zero,tcp,hundred+,ten+,oneHundred,oneHundred,zero,zero,zero,zero,zero,neptune,,,,
722,zero,tcp,hundred+,one+,oneHundred,oneHundred,zero,zero,zero,zero,zero,neptune,,,,
723,zero,tcp,hundred+,one+,oneHundred,oneHundred,zero,zero,zero,zero,zero,neptune,,,,
724,zero,tcp,hundred+,ten+,oneHundred,oneHundred,zero,zero,1to24,zero,zero,neptune,,,,
725,zero,tcp,hundred+,ten+,oneHundred,oneHundred,zero,zero,1to24,zero,zero,neptune,,,,
726,zero,tcp,hundred+,ten+,oneHundred,oneHundred,zero,zero,1to24,zero,zero,neptune,,,,
727,zero,tcp,hundred+,ten+,oneHundred,oneHundred,zero,zero,1to24,zero,zero,neptune,,,,
728,zero,tcp,hundred+,one+,oneHundred,oneHundred,zero,zero,zero,zero,zero,neptune,,,,
729,zero,tcp,hundred+,ten+,oneHundred,oneHundred,zero,zero,1to24,zero,zero,neptune,,,,
730,zero,tcp,hundred+,ten+,oneHundred,oneHundred,zero,zero,1to24,zero,zero,neptune,,,,
731,zero,tcp,hundred+,ten+,oneHundred,oneHundred,zero,zero,1to24,zero,zero,neptune,,,,
732,zero,tcp,ten+,one+,oneHundred,oneHundred,zero,zero,zero,zero,zero,neptune,,,,
733,zero,tcp,hundred+,one+,oneHundred,oneHundred,zero,zero,zero,zero,zero,neptune,,,,
734,zero,tcp,hundred+,ten+,oneHundred,oneHundred,zero,zero,1to24,zero,zero,neptune,,,,
735,zero,tcp,hundred+,ten+,oneHundred,oneHundred,zero,zero,1to24,zero,zero,neptune,,,,
736,zero,tcp,ten+,one+,oneHundred,oneHundred,zero,zero,zero,zero,zero,neptune,,,,
737,zero,tcp,ten+,one+,oneHundred,oneHundred,zero,zero,zero,zero,zero,neptune,,,,
738,zero,tcp,hundred+,one+,oneHundred,oneHundred,zero,zero,zero,zero,zero,neptune,,,,
739,zero,tcp,hundred+,one+,oneHundred,oneHundred,zero,zero,zero,zero,zero,neptune,,,,
740,zero,tcp,hundred+,ten+,oneHundred,oneHundred,zero,zero,1to24,zero,zero,neptune,,,,
741,zero,tcp,hundred+,ten+,oneHundred,oneHundred,zero,zero,1to24,zero,zero,neptune,,,,
742,zero,tcp,ten+,one+,oneHundred,oneHundred,zero,zero,zero,zero,zero,neptune,,,,
743,zero,tcp,hundred+,ten+,oneHundred,oneHundred,zero,zero,zero,zero,zero,neptune,,,,
744,zero,tcp,hundred+,ten+,oneHundred,oneHundred,zero,zero,1to24,zero,zero,neptune,,,,
745,zero,tcp,hundred+,ten+,oneHundred,oneHundred,zero,zero,1to24,zero,zero,neptune,,,,
746,zero,tcp,hundred+,ten+,oneHundred,oneHundred,zero,zero,1to24,zero,zero,neptune,,,,
747,zero,tcp,hundred+,one+,oneHundred,oneHundred,zero,zero,zero,zero,zero,neptune,,,,
748,zero,tcp,hundred+,ten+,oneHundred,oneHundred,zero,zero,1to24,zero,zero,neptune,,,,
749,zero,tcp,hundred+,ten+,oneHundred,oneHundred,zero,zero,zero,zero,zero,neptune,,,,
750,zero,tcp,hundred+,ten+,oneHundred,oneHundred,zero,zero,1to24,zero,zero,neptune,,,,
751,zero,tcp,hundred+,ten+,oneHundred,oneHundred,zero,zero,1to24,zero,zero,neptune,,,,
752,zero,tcp,hundred+,ten+,oneHundred,oneHundred,zero,zero,zero,zero,zero,neptune,,,,
753,zero,tcp,hundred+,ten+,oneHundred,oneHundred,zero,zero,1to24,zero,zero,neptune,,,,
754,zero,tcp,hundred+,one+,oneHundred,oneHundred,zero,zero,zero,zero,zero,neptune,,,,
755,zero,tcp,hundred+,ten+,oneHundred,oneHundred,zero,zero,1to24,zero,zero,neptune,,,,
756,zero,tcp,hundred+,one+,oneHundred,oneHundred,zero,zero,zero,zero,zero,neptune,,,,
757,zero,tcp,ten+,ten+,oneHundred,oneHundred,zero,zero,1to24,zero,zero,neptune,,,,
758,zero,tcp,hundred+,one+,oneHundred,oneHundred,zero,zero,zero,zero,zero,neptune,,,,
759,zero,tcp,hundred+,ten+,oneHundred,oneHundred,zero,zero,1to24,zero,zero,neptune,,,,1to24
760,zero,tcp,hundred+,one+,oneHundred,oneHundred,zero,zero,zero,zero,zero,neptune,,,,
761,zero,tcp,hundred+,ten+,oneHundred,oneHundred,zero,zero,zero,zero,zero,neptune,,,,
762,zero,tcp,hundred+,one+,oneHundred,oneHundred,zero,zero,zero,zero,zero,neptune,,,,
763,zero,tcp,hundred+,one+,oneHundred,oneHundred,zero,zero,zero,zero,zero,neptune,,,,
764,zero,tcp,hundred+,one+,oneHundred,oneHundred,zero,zero,zero,zero,zero,neptune,,,,
765,zero,tcp,hundred+,ten+,oneHundred,oneHundred,zero,zero,zero,zero,zero,neptune,,,,
766,zero,tcp,hundred+,ten+,oneHundred,oneHundred,zero,zero,1to24,zero,zero,neptune,,,,
767,zero,tcp,ten+,one+,oneHundred,oneHundred,zero,zero,zero,zero,zero,neptune,,,,
768,zero,tcp,hundred+,ten+,oneHundred,oneHundred,zero,zero,1to24,zero,zero,neptune,,,,
769,zero,tcp,hundred+,one+,oneHundred,oneHundred,zero,zero,zero,zero,zero,neptune,,,,
770,zero,tcp,hundred+,ten+,oneHundred,oneHundred,zero,zero,1to24,zero,zero,neptune,,,,
771,zero,tcp,hundred+,one+,oneHundred,oneHundred,zero,zero,zero,zero,zero,neptune,,,,
772,zero,tcp,hundred+,ten+,oneHundred,oneHundred,zero,zero,zero,zero,zero,neptune,,,,
773,zero,tcp,ten+,one+,oneHundred,oneHundred,zero,zero,zero,zero,zero,neptune,,,,
774,zero,tcp,hundred+,ten+,oneHundred,oneHundred,zero,zero,1to24,zero,zero,neptune,,,,
775,zero,tcp,hundred+,one+,oneHundred,oneHundred,zero,zero,zero,zero,zero,neptune,,,,
776,zero,tcp,hundred+,one+,oneHundred,oneHundred,zero,zero,zero,zero,zero,neptune,,,,
777,zero,tcp,hundred+,ten+,oneHundred,oneHundred,zero,zero,1to24,zero,zero,neptune,,,,
778,zero,tcp,hundred+,one+,oneHundred,oneHundred,zero,zero,zero,zero,zero,neptune,,,,
779,zero,tcp,hundred+,ten+,oneHundred,oneHundred,zero,zero,1to24,zero,zero,neptune,,,,
780,zero,tcp,hundred+,ten+,oneHundred,oneHundred,zero,zero,1to24,zero,zero,neptune,,,,
781,zero,tcp,hundred+,one+,oneHundred,oneHundred,zero,zero,zero,zero,zero,neptune,,,,
782,zero,tcp,hundred+,ten+,oneHundred,oneHundred,zero,zero,1to24,zero,zero,neptune,,,,
783,zero,tcp,ten+,one+,oneHundred,oneHundred,zero,zero,zero,zero,zero,neptune,,,,
784,zero,tcp,hundred+,ten+,oneHundred,oneHundred,zero,zero,1to24,zero,zero,neptune,,,,
785,zero,tcp,hundred+,one+,oneHundred,oneHundred,zero,zero,zero,zero,zero,neptune,,,,
786,zero,tcp,hundred+,ten+,oneHundred,oneHundred,zero,zero,1to24,zero,zero,neptune,,,,
787,zero,tcp,hundred+,ten+,oneHundred,oneHundred,zero,zero,zero,zero,zero,neptune,,,,
788,zero,tcp,ten+,ten+,oneHundred,oneHundred,zero,zero,1to24,zero,zero,neptune,,,,
789,zero,tcp,hundred+,one+,oneHundred,oneHundred,zero,zero,zero,zero,zero,neptune,,,,
790,zero,tcp,hundred+,ten+,oneHundred,oneHundred,zero,zero,1to24,zero,zero,neptune,,,,
791,zero,tcp,ten+,ten+,oneHundred,oneHundred,zero,zero,1to24,zero,zero,neptune,,,,
792,zero,tcp,ten+,ten+,oneHundred,oneHundred,zero,zero,1to24,zero,zero,neptune,,,,
793,zero,tcp,ten+,ten+,oneHundred,oneHundred,zero,zero,1to24,zero,zero,neptune,,,,
794,zero,tcp,ten+,one+,oneHundred,oneHundred,zero,zero,zero,zero,zero,neptune,,,,
795,zero,tcp,ten+,ten+,oneHundred,oneHundred,zero,zero,1to24,zero,zero,neptune,,,,
796,zero,tcp,ten+,ten+,oneHundred,oneHundred,zero,zero,1to24,zero,zero,neptune,,,,
797,zero,tcp,ten+,one+,oneHundred,oneHundred,zero,zero,zero,zero,zero,neptune,,,,
798,zero,tcp,hundred+,one+,oneHundred,oneHundred,zero,zero,zero,zero,zero,neptune,,,,
